{"Thorny": 90.0, "Mac": 99.33333333333333, "Farva": 56.0, "Rabbit": 62.333333333333336, "Ursula": 78.33333333333333, "Foster": 95.66666666666667}